{
  "project_info": {
    "project_number": "421540996873",
    "firebase_url": "https://proyectofinal-18bcc.firebaseio.com",
    "project_id": "proyectofinal-18bcc",
    "storage_bucket": "proyectofinal-18bcc.appspot.com"
  },
  "client": [
    {
      "client_info": {
        "mobilesdk_app_id": "1:421540996873:android:9e632d817378d7a7",
        "android_client_info": {
          "package_name": "com.example.jesusf.proyectofinal"
        }
      },
      "oauth_client": [
        {
          "client_id": "421540996873-7ibvrmgquudo0al2s4orlhm52vj4h0bu.apps.googleusercontent.com",
          "client_type": 3
        }
      ],
      "api_key": [
        {
          "current_key": "AIzaSyAiFnD7-82BDh0gCRBK_E81nowuXVDexug"
        }
      ],
      "services": {
        "analytics_service": {
          "status": 1
        },
        "appinvite_service": {
          "status": 1,
          "other_platform_oauth_client": []
        },
        "ads_service": {
          "status": 2
        }
      }
    }
  ],
  "configuration_version": "1"
}