{
  "project_info": {
    "project_number": "659820635146",
    "firebase_url": "https://androidfirebasebd.firebaseio.com",
    "project_id": "androidfirebasebd",
    "storage_bucket": "androidfirebasebd.appspot.com"
  },
  "client": [
    {
      "client_info": {
        "mobilesdk_app_id": "1:659820635146:android:7f4d3ed6cc142f6e",
        "android_client_info": {
          "package_name": "com.example.corvus.firebasedb"
        }
      },
      "oauth_client": [
        {
          "client_id": "659820635146-6g7rr0112cnb6k4rdlpestvmvdu3ibjp.apps.googleusercontent.com",
          "client_type": 3
        }
      ],
      "api_key": [
        {
          "current_key": "AIzaSyAoA52KpiFXlBwpfyIqBdDfP-cfwr5mtRI"
        }
      ],
      "services": {
        "analytics_service": {
          "status": 1
        },
        "appinvite_service": {
          "status": 1,
          "other_platform_oauth_client": []
        },
        "ads_service": {
          "status": 2
        }
      }
    }
  ],
  "configuration_version": "1"
}